{"kind":"webfonts#webfontList","items":[{"kind":"webfonts#webfont","family":"Abel","variants":["regular"],"subsets":["latin"],"files":{"regular":"http://themes.googleusercontent.com/static/fonts/abel/v3/RpUKfqNxoyNe_ka23bzQ2A.ttf"}},{"kind":"webfonts#webfont","family":"Abril Fatface","variants":["regular"],"subsets":["latin-ext","latin"],"files":{"regular":"http://themes.googleusercontent.com/static/fonts/abrilfatface/v5/X1g_KwGeBV3ajZIXQ9VnDojjx0o0jr6fNXxPgYh_a8Q.ttf"}},{"kind":"webfonts#webfont","family":"Alegreya","variants":["regular","italic","700","700italic","900","900italic"],"subsets":["latin-ext","latin"],"files":{"regular":"http://themes.googleusercontent.com/static/fonts/alegreya/v4/62J3atXd6bvMU4qO_ca-eA.ttf","italic":"http://themes.googleusercontent.com/static/fonts/alegreya/v4/cbshnQGxwmlHBjUil7DaIfesZW2xOQ-xsNqO47m55DA.ttf","700":"http://themes.googleusercontent.com/static/fonts/alegreya/v4/5oZtdI5-wQwgAFrd9erCsaCWcynf_cDxXwCLxiixG1c.ttf","700italic":"http://themes.googleusercontent.com/static/fonts/alegreya/v4/IWi8e5bpnqhMRsZKTcTUWgJKKGfqHaYFsRG-T3ceEVo.ttf","900":"http://themes.googleusercontent.com/static/fonts/alegreya/v4/oQeMxX-vxGImzDgX6nxA7KCWcynf_cDxXwCLxiixG1c.ttf","900italic":"http://themes.googleusercontent.com/static/fonts/alegreya/v4/-L71QLH_XqgYWaI1GbOVhp0EAVxt0G0biEntp43Qt6E.ttf"}},{"kind":"webfonts#webfont","family":"Alfa Slab One","variants":["regular"],"subsets":["latin"],"files":{"regular":"http://themes.googleusercontent.com/static/fonts/alfaslabone/v2/Qx6FPcitRwTC_k88tLPc-Yjjx0o0jr6fNXxPgYh_a8Q.ttf"}},{"kind":"webfonts#webfont","family":"Almendra Display","variants":["regular"],"subsets":["latin-ext","latin"],"files":{"regular":"http://themes.googleusercontent.com/static/fonts/almendradisplay/v1/2Zuu97WJ_ez-87yz5Ai8fF6uyC_qD11hrFQ6EGgTJWI.ttf"}},{"kind":"webfonts#webfont","family":"Alice","variants":["regular"],"subsets":["latin"],"files":{"regular":"http://themes.googleusercontent.com/static/fonts/alice/v4/wZTAfivekBqIg-rk63nFvQ.ttf"}},{"kind":"webfonts#webfont","family":"Belgrano","variants":["regular"],"subsets":["latin"],"files":{"regular":"http://themes.googleusercontent.com/static/fonts/belgrano/v3/iq8DUa2s7g6WRCeMiFrmtQ.ttf"}},{"kind":"webfonts#webfont","family":"Cardo","variants":["regular","italic","700"],"subsets":["greek-ext","greek","latin-ext","latin"],"files":{"regular":"http://themes.googleusercontent.com/static/fonts/cardo/v5/jbkF2_R0FKUEZTq5dwSknQ.ttf","italic":"http://themes.googleusercontent.com/static/fonts/cardo/v5/pcv4Np9tUkq0YREYUcEEJQ.ttf","700":"http://themes.googleusercontent.com/static/fonts/cardo/v5/lQN30weILimrKvp8rZhF1w.ttf"}},{"kind":"webfonts#webfont","family":"Courgette","variants":["regular"],"subsets":["latin-ext","latin"],"files":{"regular":"http://themes.googleusercontent.com/static/fonts/courgette/v1/2YO0EYtyE9HUPLZprahpZA.ttf"}},{"kind":"webfonts#webfont","family":"Crete Round","variants":["regular","italic"],"subsets":["latin-ext","latin"],"files":{"regular":"http://themes.googleusercontent.com/static/fonts/creteround/v2/B8EwN421qqOCCT8vOH4wJ6CWcynf_cDxXwCLxiixG1c.ttf","italic":"http://themes.googleusercontent.com/static/fonts/creteround/v2/5xAt7XK2vkUdjhGtt98unUeOrDcLawS7-ssYqLr2Xp4.ttf"}},{"kind":"webfonts#webfont","family":"Crimson Text","variants":["regular","italic","600","600italic","700","700italic"],"subsets":["latin"],"files":{"regular":"http://themes.googleusercontent.com/static/fonts/crimsontext/v3/3IFMwfRa07i-auYR-B-zNS3USBnSvpkopQaUR-2r7iU.ttf","italic":"http://themes.googleusercontent.com/static/fonts/crimsontext/v3/a5QZnvmn5amyNI-t2BMkWPMZXuCXbOrAvx5R0IT5Oyo.ttf","600":"http://themes.googleusercontent.com/static/fonts/crimsontext/v3/rEy5tGc5HdXy56Xvd4f3I2v8CylhIUtwUiYO7Z2wXbE.ttf","600italic":"http://themes.googleusercontent.com/static/fonts/crimsontext/v3/4j4TR-EfnvCt43InYpUNDIR-5-urNOGAobhAyctHvW8.ttf","700":"http://themes.googleusercontent.com/static/fonts/crimsontext/v3/rEy5tGc5HdXy56Xvd4f3I0D2ttfZwueP-QU272T9-k4.ttf","700italic":"http://themes.googleusercontent.com/static/fonts/crimsontext/v3/4j4TR-EfnvCt43InYpUNDPAs9-1nE9qOqhChW0m4nDE.ttf"}},{"kind":"webfonts#webfont","family":"Cuprum","variants":["regular","italic","700","700italic"],"subsets":["latin-ext","latin","cyrillic"],"files":{"regular":"http://themes.googleusercontent.com/static/fonts/cuprum/v4/JgXs0F_UiaEdAS74msmFNg.ttf","italic":"http://themes.googleusercontent.com/static/fonts/cuprum/v4/cLEz0KV6OxInnktSzpk58g.ttf","700":"http://themes.googleusercontent.com/static/fonts/cuprum/v4/6tl3_FkDeXSD72oEHuJh4w.ttf","700italic":"http://themes.googleusercontent.com/static/fonts/cuprum/v4/bnkXaBfoYvaJ75axRPSwVKCWcynf_cDxXwCLxiixG1c.ttf"}},{"kind":"webfonts#webfont","family":"Domine","variants":["regular","700"],"subsets":["latin-ext","latin"],"files":{"regular":"http://themes.googleusercontent.com/static/fonts/domine/v1/wfVIgamVFjMNQAEWurCiHA.ttf","700":"http://themes.googleusercontent.com/static/fonts/domine/v1/phBcG1ZbQFxUIt18hPVxnw.ttf"}},{"kind":"webfonts#webfont","family":"Dancing Script","variants":["regular","700"],"subsets":["latin"],"files":{"regular":"http://themes.googleusercontent.com/static/fonts/dancingscript/v3/DK0eTGXiZjN6yA8zAEyM2RnpV0hQCek3EmWnCPrvGRM.ttf","700":"http://themes.googleusercontent.com/static/fonts/dancingscript/v3/KGBfwabt0ZRLA5W1ywjowb_dAmXiKjTPGCuO6G2MbfA.ttf"}},{"kind":"webfonts#webfont","family":"Droid Sans","variants":["regular","700"],"subsets":["latin"],"files":{"regular":"http://themes.googleusercontent.com/static/fonts/droidsans/v3/rS9BT6-asrfjpkcV3DXf__esZW2xOQ-xsNqO47m55DA.ttf","700":"http://themes.googleusercontent.com/static/fonts/droidsans/v3/EFpQQyG9GqCrobXxL-KRMQJKKGfqHaYFsRG-T3ceEVo.ttf"}},{"kind":"webfonts#webfont","family":"Droid Sans Mono","variants":["regular"],"subsets":["latin"],"files":{"regular":"http://themes.googleusercontent.com/static/fonts/droidsansmono/v4/ns-m2xQYezAtqh7ai59hJcwD6PD0c3_abh9zHKQtbGU.ttf"}},{"kind":"webfonts#webfont","family":"Droid Serif","variants":["regular","italic","700","700italic"],"subsets":["latin"],"files":{"regular":"http://themes.googleusercontent.com/static/fonts/droidserif/v3/DgAtPy6rIVa2Zx3Xh9KaNaCWcynf_cDxXwCLxiixG1c.ttf","italic":"http://themes.googleusercontent.com/static/fonts/droidserif/v3/cj2hUnSRBhwmSPr9kS5890eOrDcLawS7-ssYqLr2Xp4.ttf","700":"http://themes.googleusercontent.com/static/fonts/droidserif/v3/QQt14e8dY39u-eYBZmppwXe1Pd76Vl7zRpE7NLJQ7XU.ttf","700italic":"http://themes.googleusercontent.com/static/fonts/droidserif/v3/c92rD_x0V1LslSFt3-QEps_zJjSACmk0BRPxQqhnNLU.ttf"}},{"kind":"webfonts#webfont","family":"Exo","variants":["100","100italic","200","200italic","300","300italic","regular","italic","500","500italic","600","600italic","700","700italic","800","800italic","900","900italic"],"subsets":["latin-ext","latin"],"files":{"100":"http://themes.googleusercontent.com/static/fonts/exo/v1/RI7A9uwjRmPbVp0n8e-Jvg.ttf","100italic":"http://themes.googleusercontent.com/static/fonts/exo/v1/qtGyZZlWb2EEvby3ZPosxw.ttf","200":"http://themes.googleusercontent.com/static/fonts/exo/v1/F8OfC_swrRRxpFt-tlXZQg.ttf","200italic":"http://themes.googleusercontent.com/static/fonts/exo/v1/fr4HBfXHYiIngW2_bhlgRw.ttf","300":"http://themes.googleusercontent.com/static/fonts/exo/v1/SBrN7TKUqgGUvfxqHqsnNw.ttf","300italic":"http://themes.googleusercontent.com/static/fonts/exo/v1/3gmiLjBegIfcDLISjTGA1g.ttf","regular":"http://themes.googleusercontent.com/static/fonts/exo/v1/eUEzTFueNXRVhbt4PEB8kQ.ttf","italic":"http://themes.googleusercontent.com/static/fonts/exo/v1/cfgolWisMSURhpQeVHl_NA.ttf","500":"http://themes.googleusercontent.com/static/fonts/exo/v1/jCg6DmGGXt_OVyp5ofQHPw.ttf","500italic":"http://themes.googleusercontent.com/static/fonts/exo/v1/lo5eTdCNJZQVN08p8RnzAQ.ttf","600":"http://themes.googleusercontent.com/static/fonts/exo/v1/q_SG5kXUmOcIvFpgtdZnlw.ttf","600italic":"http://themes.googleusercontent.com/static/fonts/exo/v1/0cExa8K_pxS2lTuMr68XUA.ttf","700":"http://themes.googleusercontent.com/static/fonts/exo/v1/3_jwsL4v9uHjl5Q37G57mw.ttf","700italic":"http://themes.googleusercontent.com/static/fonts/exo/v1/0me55yJIxd5vyQ9bF7SsiA.ttf","800":"http://themes.googleusercontent.com/static/fonts/exo/v1/yLPuxBuV0lzqibRJyooOJg.ttf","800italic":"http://themes.googleusercontent.com/static/fonts/exo/v1/n3LejeKVj_8gtZq5fIgNYw.ttf","900":"http://themes.googleusercontent.com/static/fonts/exo/v1/97d0nd6Yv4-SA_X92xAuZA.ttf","900italic":"http://themes.googleusercontent.com/static/fonts/exo/v1/JHTkQVhzyLtkY13Ye95TJQ.ttf"}},{"kind":"webfonts#webfont","family":"Fanwood Text","variants":["regular","italic"],"subsets":["latin"],"files":{"regular":"http://themes.googleusercontent.com/static/fonts/fanwoodtext/v3/hDNDHUlsSb8bgnEmDp4T_i3USBnSvpkopQaUR-2r7iU.ttf","italic":"http://themes.googleusercontent.com/static/fonts/fanwoodtext/v3/0J3SBbkMZqBV-3iGxs5E9_MZXuCXbOrAvx5R0IT5Oyo.ttf"}},{"kind":"webfonts#webfont","family":"Fauna One","variants":["regular"],"subsets":["latin-ext","latin"],"files":{"regular":"http://themes.googleusercontent.com/static/fonts/faunaone/v1/8kL-wpAPofcAMELI_5NRnQ.ttf"}},{"kind":"webfonts#webfont","family":"Fugaz One","variants":["regular"],"subsets":["latin"],"files":{"regular":"http://themes.googleusercontent.com/static/fonts/fugazone/v3/5tteVDCwxsr8-5RuSiRWOw.ttf"}},{"kind":"webfonts#webfont","family":"Gentium Basic","variants":["regular","italic","700","700italic"],"subsets":["latin-ext","latin"],"files":{"regular":"http://themes.googleusercontent.com/static/fonts/gentiumbasic/v4/KCktj43blvLkhOTolFn-MYtBLojGU5Qdl8-5NL4v70w.ttf","italic":"http://themes.googleusercontent.com/static/fonts/gentiumbasic/v4/qoFz4NSMaYC2UmsMAG3lyTj3mvXnCeAk09uTtmkJGRc.ttf","700":"http://themes.googleusercontent.com/static/fonts/gentiumbasic/v4/2qL6yulgGf0wwgOp-UqGyLNuTeOOLg3nUymsEEGmdO0.ttf","700italic":"http://themes.googleusercontent.com/static/fonts/gentiumbasic/v4/8N9-c_aQDJ8LbI1NGVMrwtswO1vWwP9exiF8s0wqW10.ttf"}},{"kind":"webfonts#webfont","family":"Gentium Book Basic","variants":["regular","italic","700","700italic"],"subsets":["latin-ext","latin"],"files":{"regular":"http://themes.googleusercontent.com/static/fonts/gentiumbookbasic/v3/IRFxB2matTxrjZt6a3FUnrWDjKAyldGEr6eEi2MBNeY.ttf","italic":"http://themes.googleusercontent.com/static/fonts/gentiumbookbasic/v3/qHqW2lwKO8-uTfIkh8FsUfXfjMwrYnmPVsQth2IcAPY.ttf","700":"http://themes.googleusercontent.com/static/fonts/gentiumbookbasic/v3/T2vUYmWzlqUtgLYdlemGnaWESMHIjnSjm9UUxYtEOko.ttf","700italic":"http://themes.googleusercontent.com/static/fonts/gentiumbookbasic/v3/632u7TMIoFDWQYUaHFUp5PA2A9KyRZEkn4TZVuhsWRM.ttf"}},{"kind":"webfonts#webfont","family":"Great Vibes","variants":["regular"],"subsets":["latin-ext","latin"],"files":{"regular":"http://themes.googleusercontent.com/static/fonts/greatvibes/v1/4Mi5RG_9LjQYrTU55GN_L6CWcynf_cDxXwCLxiixG1c.ttf"}},{"kind":"webfonts#webfont","family":"Handlee","variants":["regular"],"subsets":["latin"],"files":{"regular":"http://themes.googleusercontent.com/static/fonts/handlee/v2/6OfkXkyC0E5NZN80ED8u3A.ttf"}},{"kind":"webfonts#webfont","family":"Josefin Sans","variants":["100","100italic","300","300italic","regular","italic","600","600italic","700","700italic"],"subsets":["latin"],"files":{"100":"http://themes.googleusercontent.com/static/fonts/josefinsans/v3/q9w3H4aeBxj0hZ8Osfi3d8SVQ0giZ-l_NELu3lgGyYw.ttf","100italic":"http://themes.googleusercontent.com/static/fonts/josefinsans/v3/s7-P1gqRNRNn-YWdOYnAOXXcj1rQwlNLIS625o-SrL0.ttf","300":"http://themes.googleusercontent.com/static/fonts/josefinsans/v3/C6HYlRF50SGJq1XyXj04z6cQoVhARpoaILP7amxE_8g.ttf","300italic":"http://themes.googleusercontent.com/static/fonts/josefinsans/v3/ppse0J9fKSaoxCIIJb33Gyna0FLWfcB-J_SAYmcAXaI.ttf","regular":"http://themes.googleusercontent.com/static/fonts/josefinsans/v3/xgzbb53t8j-Mo-vYa23n5i3USBnSvpkopQaUR-2r7iU.ttf","italic":"http://themes.googleusercontent.com/static/fonts/josefinsans/v3/q9w3H4aeBxj0hZ8Osfi3d_MZXuCXbOrAvx5R0IT5Oyo.ttf","600":"http://themes.googleusercontent.com/static/fonts/josefinsans/v3/C6HYlRF50SGJq1XyXj04z2v8CylhIUtwUiYO7Z2wXbE.ttf","600italic":"http://themes.googleusercontent.com/static/fonts/josefinsans/v3/ppse0J9fKSaoxCIIJb33G4R-5-urNOGAobhAyctHvW8.ttf","700":"http://themes.googleusercontent.com/static/fonts/josefinsans/v3/C6HYlRF50SGJq1XyXj04z0D2ttfZwueP-QU272T9-k4.ttf","700italic":"http://themes.googleusercontent.com/static/fonts/josefinsans/v3/ppse0J9fKSaoxCIIJb33G_As9-1nE9qOqhChW0m4nDE.ttf"}},{"kind":"webfonts#webfont","family":"Josefin Slab","variants":["100","100italic","300","300italic","regular","italic","600","600italic","700","700italic"],"subsets":["latin"],"files":{"100":"http://themes.googleusercontent.com/static/fonts/josefinslab/v3/etsUjZYO8lTLU85lDhZwUsSVQ0giZ-l_NELu3lgGyYw.ttf","100italic":"http://themes.googleusercontent.com/static/fonts/josefinslab/v3/8BjDChqLgBF3RJKfwHIYh3Xcj1rQwlNLIS625o-SrL0.ttf","300":"http://themes.googleusercontent.com/static/fonts/josefinslab/v3/NbE6ykYuM2IyEwxQxOIi2KcQoVhARpoaILP7amxE_8g.ttf","300italic":"http://themes.googleusercontent.com/static/fonts/josefinslab/v3/af9sBoKGPbGO0r21xJulyyna0FLWfcB-J_SAYmcAXaI.ttf","regular":"http://themes.googleusercontent.com/static/fonts/josefinslab/v3/46aYWdgz-1oFX11flmyEfS3USBnSvpkopQaUR-2r7iU.ttf","italic":"http://themes.googleusercontent.com/static/fonts/josefinslab/v3/etsUjZYO8lTLU85lDhZwUvMZXuCXbOrAvx5R0IT5Oyo.ttf","600":"http://themes.googleusercontent.com/static/fonts/josefinslab/v3/NbE6ykYuM2IyEwxQxOIi2Gv8CylhIUtwUiYO7Z2wXbE.ttf","600italic":"http://themes.googleusercontent.com/static/fonts/josefinslab/v3/af9sBoKGPbGO0r21xJuly4R-5-urNOGAobhAyctHvW8.ttf","700":"http://themes.googleusercontent.com/static/fonts/josefinslab/v3/NbE6ykYuM2IyEwxQxOIi2ED2ttfZwueP-QU272T9-k4.ttf","700italic":"http://themes.googleusercontent.com/static/fonts/josefinslab/v3/af9sBoKGPbGO0r21xJuly_As9-1nE9qOqhChW0m4nDE.ttf"}},{"kind":"webfonts#webfont","family":"Judson","variants":["regular","italic","700"],"subsets":["latin"],"files":{"regular":"http://themes.googleusercontent.com/static/fonts/judson/v4/znM1AAs0eytUaJzf1CrYZQ.ttf","italic":"http://themes.googleusercontent.com/static/fonts/judson/v4/GVqQW9P52ygW-ySq-CLwAA.ttf","700":"http://themes.googleusercontent.com/static/fonts/judson/v4/he4a2LwiPJc7r8x0oKCKiA.ttf"}},{"kind":"webfonts#webfont","family":"Julius Sans One","variants":["regular"],"subsets":["latin-ext","latin"],"files":{"regular":"http://themes.googleusercontent.com/static/fonts/juliussansone/v1/iU65JP9acQHPDLkdalCF7jjVlsJB_M_Q_LtZxsoxvlw.ttf"}},{"kind":"webfonts#webfont","family":"Kaushan Script","variants":["regular"],"subsets":["latin-ext","latin"],"files":{"regular":"http://themes.googleusercontent.com/static/fonts/kaushanscript/v1/qx1LSqts-NtiKcLw4N03IBnpV0hQCek3EmWnCPrvGRM.ttf"}},{"kind":"webfonts#webfont","family":"Libre Baskerville","variants":["regular","italic","700"],"subsets":["latin-ext","latin"],"files":{"regular":"http://themes.googleusercontent.com/static/fonts/librebaskerville/v1/pR0sBQVcY0JZc_ciXjFsKyyZRYCSvpCzQKuMWnP5NDY.ttf","italic":"http://themes.googleusercontent.com/static/fonts/librebaskerville/v1/QHIOz1iKF3bIEzRdDFaf5QnhapNS5Oi8FPrBRDLbsW4.ttf","700":"http://themes.googleusercontent.com/static/fonts/librebaskerville/v1/kH7K4InNTm7mmOXXjrA5v-xuswJKUVpBRfYFpz0W3Iw.ttf"}},{"kind":"webfonts#webfont","family":"Lobster","variants":["regular"],"subsets":["latin-ext","latin","cyrillic-ext","cyrillic"],"files":{"regular":"http://themes.googleusercontent.com/static/fonts/lobster/v5/9LpJGtNuM1D8FAZ2BkJH2Q.ttf"}},{"kind":"webfonts#webfont","family":"Lora","variants":["regular","italic","700","700italic"],"subsets":["latin"],"files":{"regular":"http://themes.googleusercontent.com/static/fonts/lora/v5/aXJ7KVIGcejEy1abawZazg.ttf","italic":"http://themes.googleusercontent.com/static/fonts/lora/v5/AN2EZaj2tFRpyveuNn9BOg.ttf","700":"http://themes.googleusercontent.com/static/fonts/lora/v5/enKND5SfzQKkggBA_VnT1A.ttf","700italic":"http://themes.googleusercontent.com/static/fonts/lora/v5/ivs9j3kYU65pR9QD9YFdzQ.ttf"}},{"kind":"webfonts#webfont","family":"Megrim","variants":["regular"],"subsets":["latin"],"files":{"regular":"http://themes.googleusercontent.com/static/fonts/megrim/v4/e-9jVUC9lv1zxaFQARuftw.ttf"}},{"kind":"webfonts#webfont","family":"Monda","variants":["regular","700"],"subsets":["latin-ext","latin"],"files":{"regular":"http://themes.googleusercontent.com/static/fonts/monda/v1/qFMHZ9zvR6B_gnoIgosPrw.ttf","700":"http://themes.googleusercontent.com/static/fonts/monda/v1/EVOzZUyc_j1w2GuTgTAW1g.ttf"}},{"kind":"webfonts#webfont","family":"Montserrat","variants":["regular","700"],"subsets":["latin"],"files":{"regular":"http://themes.googleusercontent.com/static/fonts/montserrat/v3/Kqy6-utIpx_30Xzecmeo8_esZW2xOQ-xsNqO47m55DA.ttf","700":"http://themes.googleusercontent.com/static/fonts/montserrat/v3/IQHow_FEYlDC4Gzy_m8fcgJKKGfqHaYFsRG-T3ceEVo.ttf"}},{"kind":"webfonts#webfont","family":"Muli","variants":["300","300italic","regular","italic"],"subsets":["latin"],"files":{"300":"http://themes.googleusercontent.com/static/fonts/muli/v4/VJw4F3ZHRAZ7Hmg3nQu5YQ.ttf","300italic":"http://themes.googleusercontent.com/static/fonts/muli/v4/s-NKMCru8HiyjEt0ZDoBoA.ttf","regular":"http://themes.googleusercontent.com/static/fonts/muli/v4/KJiP6KznxbALQgfJcDdPAw.ttf","italic":"http://themes.googleusercontent.com/static/fonts/muli/v4/Cg0K_IWANs9xkNoxV7H1_w.ttf"}},{"kind":"webfonts#webfont","family":"Neuton","variants":["200","300","regular","italic","700","800"],"subsets":["latin-ext","latin"],"files":{"200":"http://themes.googleusercontent.com/static/fonts/neuton/v5/DA3Mkew3XqSkPpi1f4tJow.ttf","300":"http://themes.googleusercontent.com/static/fonts/neuton/v5/xrc_aZ2hx-gdeV0mlY8Vww.ttf","regular":"http://themes.googleusercontent.com/static/fonts/neuton/v5/9R-MGIOQUdjAVeB6nE6PcQ.ttf","italic":"http://themes.googleusercontent.com/static/fonts/neuton/v5/uVMT3JOB5BNFi3lgPp6kEg.ttf","700":"http://themes.googleusercontent.com/static/fonts/neuton/v5/gnWpkWY7DirkKiovncYrfg.ttf","800":"http://themes.googleusercontent.com/static/fonts/neuton/v5/XPzBQV4lY6enLxQG9cF1jw.ttf"}},{"kind":"webfonts#webfont","family":"Nixie One","variants":["regular"],"subsets":["latin"],"files":{"regular":"http://themes.googleusercontent.com/static/fonts/nixieone/v4/h6kQfmzm0Shdnp3eswRaqQ.ttf"}},{"kind":"webfonts#webfont","family":"Old Standard TT","variants":["regular","italic","700"],"subsets":["latin"],"files":{"regular":"http://themes.googleusercontent.com/static/fonts/oldstandardtt/v4/n6RTCDcIPWSE8UNBa4k-DLcB5jyhm1VsHs65c3QNDr0.ttf","italic":"http://themes.googleusercontent.com/static/fonts/oldstandardtt/v4/QQT_AUSp4AV4dpJfIN7U5PWrQzeMtsHf8QsWQ2cZg3c.ttf","700":"http://themes.googleusercontent.com/static/fonts/oldstandardtt/v4/5Ywdce7XEbTSbxs__4X1_HJqbZqK7TdZ58X80Q_Lw8Y.ttf"}},{"kind":"webfonts#webfont","family":"Oleo Script","variants":["regular","700"],"subsets":["latin-ext","latin"],"files":{"regular":"http://themes.googleusercontent.com/static/fonts/oleoscript/v2/21stZcmPyzbQVXtmGegyqKCWcynf_cDxXwCLxiixG1c.ttf","700":"http://themes.googleusercontent.com/static/fonts/oleoscript/v2/hudNQFKFl98JdNnlo363fne1Pd76Vl7zRpE7NLJQ7XU.ttf"}},{"kind":"webfonts#webfont","family":"Open Sans","variants":["300","300italic","regular","italic","600","600italic","700","700italic","800","800italic"],"subsets":["greek-ext","vietnamese","greek","latin-ext","latin","cyrillic-ext","cyrillic"],"files":{"300":"http://themes.googleusercontent.com/static/fonts/opensans/v6/DXI1ORHCpsQm3Vp6mXoaTS3USBnSvpkopQaUR-2r7iU.ttf","300italic":"http://themes.googleusercontent.com/static/fonts/opensans/v6/PRmiXeptR36kaC0GEAetxi9-WlPSxbfiI49GsXo3q0g.ttf","regular":"http://themes.googleusercontent.com/static/fonts/opensans/v6/IgZJs4-7SA1XX_edsoXWog.ttf","italic":"http://themes.googleusercontent.com/static/fonts/opensans/v6/O4NhV7_qs9r9seTo7fnsVKCWcynf_cDxXwCLxiixG1c.ttf","600":"http://themes.googleusercontent.com/static/fonts/opensans/v6/MTP_ySUJH_bn48VBG8sNSi3USBnSvpkopQaUR-2r7iU.ttf","600italic":"http://themes.googleusercontent.com/static/fonts/opensans/v6/PRmiXeptR36kaC0GEAetxpZ7xm-Bj30Bj2KNdXDzSZg.ttf","700":"http://themes.googleusercontent.com/static/fonts/opensans/v6/k3k702ZOKiLJc3WVjuplzC3USBnSvpkopQaUR-2r7iU.ttf","700italic":"http://themes.googleusercontent.com/static/fonts/opensans/v6/PRmiXeptR36kaC0GEAetxne1Pd76Vl7zRpE7NLJQ7XU.ttf","800":"http://themes.googleusercontent.com/static/fonts/opensans/v6/EInbV5DfGHOiMmvb1Xr-hi3USBnSvpkopQaUR-2r7iU.ttf","800italic":"http://themes.googleusercontent.com/static/fonts/opensans/v6/PRmiXeptR36kaC0GEAetxg89PwPrYLaRFJ-HNCU9NbA.ttf"}},{"kind":"webfonts#webfont","family":"Open Sans Condensed","variants":["300","300italic","700"],"subsets":["greek-ext","vietnamese","greek","latin-ext","latin","cyrillic-ext","cyrillic"],"files":{"300":"http://themes.googleusercontent.com/static/fonts/opensanscondensed/v6/gk5FxslNkTTHtojXrkp-xEMwSSh38KQVJx4ABtsZTnA.ttf","300italic":"http://themes.googleusercontent.com/static/fonts/opensanscondensed/v6/jIXlqT1WKafUSwj6s9AzV4_LkTZ_uhAwfmGJ084hlvM.ttf","700":"http://themes.googleusercontent.com/static/fonts/opensanscondensed/v6/gk5FxslNkTTHtojXrkp-xBEM87DM3yorPOrvA-vB930.ttf"}},{"kind":"webfonts#webfont","family":"Oswald","variants":["300","regular","700"],"subsets":["latin-ext","latin"],"files":{"300":"http://themes.googleusercontent.com/static/fonts/oswald/v7/y3tZpCdiRD4oNRRYFcAR5Q.ttf","regular":"http://themes.googleusercontent.com/static/fonts/oswald/v7/uLEd2g2vJglLPfsBF91DCg.ttf","700":"http://themes.googleusercontent.com/static/fonts/oswald/v7/7wj8ldV_5Ti37rHa0m1DDw.ttf"}},{"kind":"webfonts#webfont","family":"Ovo","variants":["regular"],"subsets":["latin"],"files":{"regular":"http://themes.googleusercontent.com/static/fonts/ovo/v4/mFg27dimu3s9t09qjCwB1g.ttf"}},{"kind":"webfonts#webfont","family":"Philosopher","variants":["regular","italic","700","700italic"],"subsets":["latin","cyrillic"],"files":{"regular":"http://themes.googleusercontent.com/static/fonts/philosopher/v4/oZLTrB9jmJsyV0u_T0TKEaCWcynf_cDxXwCLxiixG1c.ttf","italic":"http://themes.googleusercontent.com/static/fonts/philosopher/v4/_9Hnc_gz9k7Qq6uKaeHKmUeOrDcLawS7-ssYqLr2Xp4.ttf","700":"http://themes.googleusercontent.com/static/fonts/philosopher/v4/napvkewXG9Gqby5vwGHICHe1Pd76Vl7zRpE7NLJQ7XU.ttf","700italic":"http://themes.googleusercontent.com/static/fonts/philosopher/v4/PuKlryTcvTj7-qZWfLCFIM_zJjSACmk0BRPxQqhnNLU.ttf"}},{"kind":"webfonts#webfont","family":"Playball","variants":["regular"],"subsets":["latin-ext","latin"],"files":{"regular":"http://themes.googleusercontent.com/static/fonts/playball/v3/3hOFiQm_EUzycTpcN9uz4w.ttf"}},{"kind":"webfonts#webfont","family":"Playfair Display","variants":["regular","italic","700","700italic","900","900italic"],"subsets":["latin-ext","latin","cyrillic"],"files":{"regular":"http://themes.googleusercontent.com/static/fonts/playfairdisplay/v7/2NBgzUtEeyB-Xtpr9bm1CV6uyC_qD11hrFQ6EGgTJWI.ttf","italic":"http://themes.googleusercontent.com/static/fonts/playfairdisplay/v7/9MkijrV-dEJ0-_NWV7E6NzMsbnvDNEBX25F5HWk9AhI.ttf","700":"http://themes.googleusercontent.com/static/fonts/playfairdisplay/v7/UC3ZEjagJi85gF9qFaBgICsv6SrURqJprbhH_C1Mw8w.ttf","700italic":"http://themes.googleusercontent.com/static/fonts/playfairdisplay/v7/n7G4PqJvFP2Kubl0VBLDECsYW3XoOVcYyYdp9NzzS9E.ttf","900":"http://themes.googleusercontent.com/static/fonts/playfairdisplay/v7/UC3ZEjagJi85gF9qFaBgIKqwMe2wjvZrAR44M0BJZ48.ttf","900italic":"http://themes.googleusercontent.com/static/fonts/playfairdisplay/v7/n7G4PqJvFP2Kubl0VBLDEC0JfJ4xmm7j1kL6D7mPxrA.ttf"}},{"kind":"webfonts#webfont","family":"Playfair Display SC","variants":["regular","italic","700","700italic","900","900italic"],"subsets":["latin-ext","latin","cyrillic"],"files":{"regular":"http://themes.googleusercontent.com/static/fonts/playfairdisplaysc/v1/G0-tvBxd4eQRdwFKB8dRkcpjYTDWIvcAwAccqeW9uNM.ttf","italic":"http://themes.googleusercontent.com/static/fonts/playfairdisplaysc/v1/myuYiFR-4NTrUT4w6TKls2klJsJYggW8rlNoTOTuau0.ttf","700":"http://themes.googleusercontent.com/static/fonts/playfairdisplaysc/v1/5ggqGkvWJU_TtW2W8cEubA-Amcyomnuy4WsCiPxGHjw.ttf","700italic":"http://themes.googleusercontent.com/static/fonts/playfairdisplaysc/v1/6X0OQrQhEEnPo56RalREX4krgPi80XvBcbTwmz-rgmU.ttf","900":"http://themes.googleusercontent.com/static/fonts/playfairdisplaysc/v1/5ggqGkvWJU_TtW2W8cEubKXL3C32k275YmX_AcBPZ7w.ttf","900italic":"http://themes.googleusercontent.com/static/fonts/playfairdisplaysc/v1/6X0OQrQhEEnPo56RalREX8Zag2q3ssKz8uH1RU4a9gs.ttf"}},{"kind":"webfonts#webfont","family":"Quando","variants":["regular"],"subsets":["latin-ext","latin"],"files":{"regular":"http://themes.googleusercontent.com/static/fonts/quando/v1/03nDiEZuO2-h3xvtG6UmHg.ttf"}},{"kind":"webfonts#webfont","family":"Quattrocento","variants":["regular","700"],"subsets":["latin-ext","latin"],"files":{"regular":"http://themes.googleusercontent.com/static/fonts/quattrocento/v4/WZDISdyil4HsmirlOdBRFC3USBnSvpkopQaUR-2r7iU.ttf","700":"http://themes.googleusercontent.com/static/fonts/quattrocento/v4/Uvi-cRwyvqFpl9j3oT2mqkD2ttfZwueP-QU272T9-k4.ttf"}},{"kind":"webfonts#webfont","family":"Quattrocento Sans","variants":["regular","italic","700","700italic"],"subsets":["latin-ext","latin"],"files":{"regular":"http://themes.googleusercontent.com/static/fonts/quattrocentosans/v5/efd6FGWWGX5Z3ztwLBrG9eAj_ty82iuwwDTNEYXGiyQ.ttf","italic":"http://themes.googleusercontent.com/static/fonts/quattrocentosans/v5/8PXYbvM__bjl0rBnKiByg532VBCoA_HLsn85tSWZmdo.ttf","700":"http://themes.googleusercontent.com/static/fonts/quattrocentosans/v5/tXSgPxDl7Lk8Zr_5qX8FIbqxG25nQNOioCZSK4sU-CA.ttf","700italic":"http://themes.googleusercontent.com/static/fonts/quattrocentosans/v5/8N1PdXpbG6RtFvTjl-5E7buqAJxizi8Dk_SK5et7kMg.ttf"}},{"kind":"webfonts#webfont","family":"Questrial","variants":["regular"],"subsets":["latin"],"files":{"regular":"http://themes.googleusercontent.com/static/fonts/questrial/v3/MoHHaw_WwNs_hd9ob1zTVw.ttf"}},{"kind":"webfonts#webfont","family":"Roboto Slab","variants":["100","300","regular","700"],"subsets":["greek-ext","vietnamese","greek","latin-ext","latin","cyrillic-ext","cyrillic"],"files":{"100":"http://themes.googleusercontent.com/static/fonts/robotoslab/v2/MEz38VLIFL-t46JUtkIEgIAWxXGWZ3yJw6KhWS7MxOk.ttf","300":"http://themes.googleusercontent.com/static/fonts/robotoslab/v2/dazS1PrQQuCxC3iOAJFEJS9-WlPSxbfiI49GsXo3q0g.ttf","regular":"http://themes.googleusercontent.com/static/fonts/robotoslab/v2/3__ulTNA7unv0UtplybPiqCWcynf_cDxXwCLxiixG1c.ttf","700":"http://themes.googleusercontent.com/static/fonts/robotoslab/v2/dazS1PrQQuCxC3iOAJFEJXe1Pd76Vl7zRpE7NLJQ7XU.ttf"}},{"kind":"webfonts#webfont","family":"Satisfy","variants":["regular"],"subsets":["latin"],"files":{"regular":"http://themes.googleusercontent.com/static/fonts/satisfy/v3/PRlyepkd-JCGHiN8e9WV2w.ttf"}},{"kind":"webfonts#webfont","family":"Sacramento","variants":["regular"],"subsets":["latin-ext","latin"],"files":{"regular":"http://themes.googleusercontent.com/static/fonts/sacramento/v1/_kv-qycSHMNdhjiv0Kj7BvesZW2xOQ-xsNqO47m55DA.ttf"}},{"kind":"webfonts#webfont","family":"Sail","variants":["regular"],"subsets":["latin"],"files":{"regular":"http://themes.googleusercontent.com/static/fonts/sail/v3/iuEoG6kt-bePGvtdpL0GUQ.ttf"}},{"kind":"webfonts#webfont","family":"Sorts Mill Goudy","variants":["regular","italic"],"subsets":["latin-ext","latin"],"files":{"regular":"http://themes.googleusercontent.com/static/fonts/sortsmillgoudy/v3/JzRrPKdwEnE8F1TDmDLMUlIL2Qjg-Xlsg_fhGbe2P5U.ttf","italic":"http://themes.googleusercontent.com/static/fonts/sortsmillgoudy/v3/UUu1lKiy4hRmBWk599VL1TYNkCNSzLyoucKmbTguvr0.ttf"}},{"kind":"webfonts#webfont","family":"Stint Ultra Expanded","variants":["regular"],"subsets":["latin-ext","latin"],"files":{"regular":"http://themes.googleusercontent.com/static/fonts/stintultraexpanded/v1/FeigX-wDDgHMCKuhekhedQ7dxr0N5HY0cZKknTIL6n4.ttf"}},{"kind":"webfonts#webfont","family":"Ultra","variants":["regular"],"subsets":["latin"],"files":{"regular":"http://themes.googleusercontent.com/static/fonts/ultra/v4/OW8uXkOstRADuhEmGOFQLA.ttf"}},{"kind":"webfonts#webfont","family":"Unica One","variants":["regular"],"subsets":["latin-ext","latin"],"files":{"regular":"http://themes.googleusercontent.com/static/fonts/unicaone/v1/KbYKlhWMDpatWViqDkNQgA.ttf"}},{"kind":"webfonts#webfont","family":"Vast Shadow","variants":["regular"],"subsets":["latin"],"files":{"regular":"http://themes.googleusercontent.com/static/fonts/vastshadow/v3/io4hqKX3ibiqQQjYfW0-h6CWcynf_cDxXwCLxiixG1c.ttf"}},{"kind":"webfonts#webfont","family":"Vidaloka","variants":["regular"],"subsets":["latin"],"files":{"regular":"http://themes.googleusercontent.com/static/fonts/vidaloka/v5/C6Nul0ogKUWkx356rrt9RA.ttf"}},{"kind":"webfonts#webfont","family":"Vollkorn","variants":["regular","italic","700","700italic"],"subsets":["latin"],"files":{"regular":"http://themes.googleusercontent.com/static/fonts/vollkorn/v3/IiexqYAeh8uII223thYx3w.ttf","italic":"http://themes.googleusercontent.com/static/fonts/vollkorn/v3/UuIzosgR1ovBhJFdwVp3fvesZW2xOQ-xsNqO47m55DA.ttf","700":"http://themes.googleusercontent.com/static/fonts/vollkorn/v3/gOwQjJVGXlDOONC12hVoBqCWcynf_cDxXwCLxiixG1c.ttf","700italic":"http://themes.googleusercontent.com/static/fonts/vollkorn/v3/KNiAlx6phRqXCwnZZG51JAJKKGfqHaYFsRG-T3ceEVo.ttf"}}]}